epoch,train_loss,eval_loss,eval_top1,eval_top5
0,6.923965167999268,6.9301625,0.112,0.478
1,6.900260162353516,6.926155,0.106,0.522
2,6.861954689025879,6.9202275,0.108,0.576
3,6.807331466674805,6.912325,0.142,0.606
4,6.67057237625122,6.90133,0.152,0.728
5,6.55581111907959,6.88709,0.204,0.858
6,6.550693607330322,6.8696175,0.23,1.01
7,6.424648857116699,6.84930125,0.262,1.118
8,6.369176578521729,6.8265625,0.326,1.352
9,6.268095016479492,6.805545,0.396,1.578
